
INSERT INTO ROLES (ROLE_ID, ROLE_NAME) VALUES (1, 'ADMIN');
INSERT INTO ROLES (ROLE_ID, ROLE_NAME) VALUES (2, 'USER');

INSERT INTO USERS (USER_NAME, LOGIN, PASSWORD, ROLES_ROLE_ID) VALUES ('ADMIN', 'ADMIN_LOGIN', 'ADMIN_PASS', 1);
INSERT INTO USERS (USER_NAME, LOGIN, PASSWORD, ROLES_ROLE_ID) VALUES ('USER_1', 'USER_1_LOGIN', 'USER_1_PASS', 2);
INSERT INTO USERS (USER_NAME, LOGIN, PASSWORD, ROLES_ROLE_ID) VALUES ('USER_2', 'USER_2_LOGIN', 'USER_2_PASS', 2);
INSERT INTO USERS (USER_NAME, LOGIN, PASSWORD, ROLES_ROLE_ID) VALUES ('USER_3', 'USER_3_LOGIN', 'USER_3_PASS', 2);
INSERT INTO USERS (USER_NAME, LOGIN, PASSWORD, ROLES_ROLE_ID) VALUES ('USER_4', 'USER_4_LOGIN', 'USER_4_PASS', 2);
INSERT INTO USERS (USER_NAME, LOGIN, PASSWORD, ROLES_ROLE_ID) VALUES ('USER_5', 'USER_5_LOGIN', 'USER_5_PASS', 2);
INSERT INTO USERS (USER_NAME, LOGIN, PASSWORD, ROLES_ROLE_ID) VALUES ('USER_6', 'USER_6_LOGIN', 'USER_6_PASS', 2);
INSERT INTO USERS (USER_NAME, LOGIN, PASSWORD, ROLES_ROLE_ID) VALUES ('USER_7', 'USER_7_LOGIN', 'USER_7_PASS', 2);
INSERT INTO USERS (USER_NAME, LOGIN, PASSWORD, ROLES_ROLE_ID) VALUES ('USER_8', 'USER_8_LOGIN', 'USER_8_PASS', 2);
INSERT INTO USERS (USER_NAME, LOGIN, PASSWORD, ROLES_ROLE_ID) VALUES ('USER_9', 'USER_9_LOGIN', 'USER_9_PASS', 2);
INSERT INTO USERS (USER_NAME, LOGIN, PASSWORD, ROLES_ROLE_ID) VALUES ('USER_10', 'USER_10_LOGIN', 'USER_10_PASS', 2);
INSERT INTO USERS (USER_NAME, LOGIN, PASSWORD, ROLES_ROLE_ID) VALUES ('USER_11', 'USER_11_LOGIN', 'USER_11_PASS', 2);
INSERT INTO USERS (USER_NAME, LOGIN, PASSWORD, ROLES_ROLE_ID) VALUES ('USER_12', 'USER_12_LOGIN', 'USER_12_PASS', 2);
INSERT INTO USERS (USER_NAME, LOGIN, PASSWORD, ROLES_ROLE_ID) VALUES ('USER_13', 'USER_13_LOGIN', 'USER_13_PASS', 2);
INSERT INTO USERS (USER_NAME, LOGIN, PASSWORD, ROLES_ROLE_ID) VALUES ('USER_14', 'USER_14_LOGIN', 'USER_14_PASS', 2);
INSERT INTO USERS (USER_NAME, LOGIN, PASSWORD, ROLES_ROLE_ID) VALUES ('USER_15', 'USER_15_LOGIN', 'USER_15_PASS', 2);
INSERT INTO USERS (USER_NAME, LOGIN, PASSWORD, ROLES_ROLE_ID) VALUES ('USER_16', 'USER_16_LOGIN', 'USER_16_PASS', 2);
INSERT INTO USERS (USER_NAME, LOGIN, PASSWORD, ROLES_ROLE_ID) VALUES ('USER_17', 'USER_17_LOGIN', 'USER_17_PASS', 2);
INSERT INTO USERS (USER_NAME, LOGIN, PASSWORD, ROLES_ROLE_ID) VALUES ('USER_18', 'USER_18_LOGIN', 'USER_18_PASS', 2);
INSERT INTO USERS (USER_NAME, LOGIN, PASSWORD, ROLES_ROLE_ID) VALUES ('USER_19', 'USER_19_LOGIN', 'USER_19_PASS', 2);

INSERT INTO TAGS (TAG_NAME) VALUES ('TAG_1');
INSERT INTO TAGS (TAG_NAME) VALUES ('TAG_2');
INSERT INTO TAGS (TAG_NAME) VALUES ('TAG_3');
INSERT INTO TAGS (TAG_NAME) VALUES ('TAG_4');
INSERT INTO TAGS (TAG_NAME) VALUES ('TAG_5');
INSERT INTO TAGS (TAG_NAME) VALUES ('TAG_6');
INSERT INTO TAGS (TAG_NAME) VALUES ('TAG_7');
INSERT INTO TAGS (TAG_NAME) VALUES ('TAG_8');
INSERT INTO TAGS (TAG_NAME) VALUES ('TAG_9');
INSERT INTO TAGS (TAG_NAME) VALUES ('TAG_10');
INSERT INTO TAGS (TAG_NAME) VALUES ('TAG_11');
INSERT INTO TAGS (TAG_NAME) VALUES ('TAG_12');
INSERT INTO TAGS (TAG_NAME) VALUES ('TAG_13');
INSERT INTO TAGS (TAG_NAME) VALUES ('TAG_14');
INSERT INTO TAGS (TAG_NAME) VALUES ('TAG_15');
INSERT INTO TAGS (TAG_NAME) VALUES ('TAG_16');
INSERT INTO TAGS (TAG_NAME) VALUES ('TAG_17');
INSERT INTO TAGS (TAG_NAME) VALUES ('TAG_18');
INSERT INTO TAGS (TAG_NAME) VALUES ('TAG_19');
INSERT INTO TAGS (TAG_NAME) VALUES ('TAG_20');

INSERT INTO AUTHORS (AUTHOR_NAME, EXPIRED) VALUES ('AUTHOR_NAME_1', '2016-08-31 15:56:47');
INSERT INTO AUTHORS (AUTHOR_NAME, EXPIRED) VALUES ('AUTHOR_NAME_2', '2016-08-31 15:56:47');
INSERT INTO AUTHORS (AUTHOR_NAME, EXPIRED) VALUES ('AUTHOR_NAME_3', '2016-08-31 15:56:47');
INSERT INTO AUTHORS (AUTHOR_NAME, EXPIRED) VALUES ('AUTHOR_NAME_4', '2016-08-31 15:56:47');
INSERT INTO AUTHORS (AUTHOR_NAME, EXPIRED) VALUES ('AUTHOR_NAME_5', '2016-08-31 15:56:47');
INSERT INTO AUTHORS (AUTHOR_NAME, EXPIRED) VALUES ('AUTHOR_NAME_6', '2016-08-31 15:56:47');
INSERT INTO AUTHORS (AUTHOR_NAME, EXPIRED) VALUES ('AUTHOR_NAME_7', '2016-08-31 15:56:47');
INSERT INTO AUTHORS (AUTHOR_NAME, EXPIRED) VALUES ('AUTHOR_NAME_8', '2016-08-31 15:56:47');
INSERT INTO AUTHORS (AUTHOR_NAME, EXPIRED) VALUES ('AUTHOR_NAME_9', '2016-08-31 15:56:47');
INSERT INTO AUTHORS (AUTHOR_NAME, EXPIRED) VALUES ('AUTHOR_NAME_10', '2016-08-31 15:56:47');
INSERT INTO AUTHORS (AUTHOR_NAME, EXPIRED) VALUES ('AUTHOR_NAME_11', '2016-08-31 15:56:47');
INSERT INTO AUTHORS (AUTHOR_NAME, EXPIRED) VALUES ('AUTHOR_NAME_12', '2016-08-31 15:56:47');
INSERT INTO AUTHORS (AUTHOR_NAME, EXPIRED) VALUES ('AUTHOR_NAME_13', '2016-08-31 15:56:47');
INSERT INTO AUTHORS (AUTHOR_NAME, EXPIRED) VALUES ('AUTHOR_NAME_14', '2016-08-31 15:56:47');
INSERT INTO AUTHORS (AUTHOR_NAME, EXPIRED) VALUES ('AUTHOR_NAME_15', '2016-08-31 15:56:47');
INSERT INTO AUTHORS (AUTHOR_NAME, EXPIRED) VALUES ('AUTHOR_NAME_16', '2016-08-31 15:56:47');
INSERT INTO AUTHORS (AUTHOR_NAME, EXPIRED) VALUES ('AUTHOR_NAME_17', '2016-08-31 15:56:47');
INSERT INTO AUTHORS (AUTHOR_NAME, EXPIRED) VALUES ('AUTHOR_NAME_18', '2016-08-31 15:56:47');
INSERT INTO AUTHORS (AUTHOR_NAME, EXPIRED) VALUES ('AUTHOR_NAME_19', '2016-08-31 15:56:47');
INSERT INTO AUTHORS (AUTHOR_NAME, EXPIRED) VALUES ('AUTHOR_NAME_20', '2016-08-31 15:56:47');

INSERT INTO NEWS (TITLE, SHORT_TEXT, FULL_TEXT, CREATION_DATE, MODIFICATION_DATE) VALUES ('NEWS_TITLE_1', ' News 1 short text.  News 1 short text.  News 1 short text.  News 1 short text. ', ' News 1 full text.  News 1 full text.  News 1 full text.  News 1 full text.  News 1 full text.  News 1 full text.  News 1 full text.  News 1 full text.  News 1 full text.  News 1 full text.  News 1 full text.  News 1 full text.  News 1 full text.  News 1 full text.  News 1 full text.  News 1 full text.  News 1 full text.  News 1 full text.  News 1 full text.  News 1 full text.  News 1 full text.  News 1 full text.  News 1 full text.  News 1 full text.  News 1 full text.  News 1 full text.  News 1 full text.  News 1 full text.  News 1 full text.  News 1 full text.  News 1 full text.  News 1 full text.  News 1 full text.  News 1 full text.  News 1 full text.  News 1 full text.  News 1 full text.  News 1 full text.  News 1 full text.  News 1 full text.  News 1 full text.  News 1 full text.  News 1 full text.  News 1 full text.  News 1 full text.  News 1 full text.  News 1 full text.  News 1 full text.  News 1 full text.  News 1 full text. ', '2016-08-31 15:56:47', '2016-08-31' );
INSERT INTO NEWS (TITLE, SHORT_TEXT, FULL_TEXT, CREATION_DATE, MODIFICATION_DATE) VALUES ('NEWS_TITLE_2', ' News 2 short text.  News 2 short text.  News 2 short text.  News 2 short text. ', ' News 2 full text.  News 2 full text.  News 2 full text.  News 2 full text.  News 2 full text.  News 2 full text.  News 2 full text.  News 2 full text.  News 2 full text.  News 2 full text.  News 2 full text.  News 2 full text.  News 2 full text.  News 2 full text.  News 2 full text.  News 2 full text.  News 2 full text.  News 2 full text.  News 2 full text.  News 2 full text.  News 2 full text.  News 2 full text.  News 2 full text.  News 2 full text.  News 2 full text.  News 2 full text.  News 2 full text.  News 2 full text.  News 2 full text.  News 2 full text.  News 2 full text.  News 2 full text.  News 2 full text.  News 2 full text.  News 2 full text.  News 2 full text.  News 2 full text.  News 2 full text.  News 2 full text.  News 2 full text.  News 2 full text.  News 2 full text.  News 2 full text.  News 2 full text.  News 2 full text.  News 2 full text.  News 2 full text.  News 2 full text.  News 2 full text.  News 2 full text. ', '2016-08-31 15:56:47', '2016-08-31' );
INSERT INTO NEWS (TITLE, SHORT_TEXT, FULL_TEXT, CREATION_DATE, MODIFICATION_DATE) VALUES ('NEWS_TITLE_3', ' News 3 short text.  News 3 short text.  News 3 short text.  News 3 short text. ', ' News 3 full text.  News 3 full text.  News 3 full text.  News 3 full text.  News 3 full text.  News 3 full text.  News 3 full text.  News 3 full text.  News 3 full text.  News 3 full text.  News 3 full text.  News 3 full text.  News 3 full text.  News 3 full text.  News 3 full text.  News 3 full text.  News 3 full text.  News 3 full text.  News 3 full text.  News 3 full text.  News 3 full text.  News 3 full text.  News 3 full text.  News 3 full text.  News 3 full text.  News 3 full text.  News 3 full text.  News 3 full text.  News 3 full text.  News 3 full text.  News 3 full text.  News 3 full text.  News 3 full text.  News 3 full text.  News 3 full text.  News 3 full text.  News 3 full text.  News 3 full text.  News 3 full text.  News 3 full text.  News 3 full text.  News 3 full text.  News 3 full text.  News 3 full text.  News 3 full text.  News 3 full text.  News 3 full text.  News 3 full text.  News 3 full text.  News 3 full text. ', '2016-08-31 15:56:47', '2016-08-31' );
INSERT INTO NEWS (TITLE, SHORT_TEXT, FULL_TEXT, CREATION_DATE, MODIFICATION_DATE) VALUES ('NEWS_TITLE_4', ' News 4 short text.  News 4 short text.  News 4 short text.  News 4 short text. ', ' News 4 full text.  News 4 full text.  News 4 full text.  News 4 full text.  News 4 full text.  News 4 full text.  News 4 full text.  News 4 full text.  News 4 full text.  News 4 full text.  News 4 full text.  News 4 full text.  News 4 full text.  News 4 full text.  News 4 full text.  News 4 full text.  News 4 full text.  News 4 full text.  News 4 full text.  News 4 full text.  News 4 full text.  News 4 full text.  News 4 full text.  News 4 full text.  News 4 full text.  News 4 full text.  News 4 full text.  News 4 full text.  News 4 full text.  News 4 full text.  News 4 full text.  News 4 full text.  News 4 full text.  News 4 full text.  News 4 full text.  News 4 full text.  News 4 full text.  News 4 full text.  News 4 full text.  News 4 full text.  News 4 full text.  News 4 full text.  News 4 full text.  News 4 full text.  News 4 full text.  News 4 full text.  News 4 full text.  News 4 full text.  News 4 full text.  News 4 full text. ', '2016-08-31 15:56:47', '2016-08-31' );
INSERT INTO NEWS (TITLE, SHORT_TEXT, FULL_TEXT, CREATION_DATE, MODIFICATION_DATE) VALUES ('NEWS_TITLE_5', ' News 5 short text.  News 5 short text.  News 5 short text.  News 5 short text. ', ' News 5 full text.  News 5 full text.  News 5 full text.  News 5 full text.  News 5 full text.  News 5 full text.  News 5 full text.  News 5 full text.  News 5 full text.  News 5 full text.  News 5 full text.  News 5 full text.  News 5 full text.  News 5 full text.  News 5 full text.  News 5 full text.  News 5 full text.  News 5 full text.  News 5 full text.  News 5 full text.  News 5 full text.  News 5 full text.  News 5 full text.  News 5 full text.  News 5 full text.  News 5 full text.  News 5 full text.  News 5 full text.  News 5 full text.  News 5 full text.  News 5 full text.  News 5 full text.  News 5 full text.  News 5 full text.  News 5 full text.  News 5 full text.  News 5 full text.  News 5 full text.  News 5 full text.  News 5 full text.  News 5 full text.  News 5 full text.  News 5 full text.  News 5 full text.  News 5 full text.  News 5 full text.  News 5 full text.  News 5 full text.  News 5 full text.  News 5 full text. ', '2016-08-31 15:56:47', '2016-08-31' );
INSERT INTO NEWS (TITLE, SHORT_TEXT, FULL_TEXT, CREATION_DATE, MODIFICATION_DATE) VALUES ('NEWS_TITLE_6', ' News 6 short text.  News 6 short text.  News 6 short text.  News 6 short text. ', ' News 6 full text.  News 6 full text.  News 6 full text.  News 6 full text.  News 6 full text.  News 6 full text.  News 6 full text.  News 6 full text.  News 6 full text.  News 6 full text.  News 6 full text.  News 6 full text.  News 6 full text.  News 6 full text.  News 6 full text.  News 6 full text.  News 6 full text.  News 6 full text.  News 6 full text.  News 6 full text.  News 6 full text.  News 6 full text.  News 6 full text.  News 6 full text.  News 6 full text.  News 6 full text.  News 6 full text.  News 6 full text.  News 6 full text.  News 6 full text.  News 6 full text.  News 6 full text.  News 6 full text.  News 6 full text.  News 6 full text.  News 6 full text.  News 6 full text.  News 6 full text.  News 6 full text.  News 6 full text.  News 6 full text.  News 6 full text.  News 6 full text.  News 6 full text.  News 6 full text.  News 6 full text.  News 6 full text.  News 6 full text.  News 6 full text.  News 6 full text. ', '2016-08-31 15:56:47', '2016-08-31' );
INSERT INTO NEWS (TITLE, SHORT_TEXT, FULL_TEXT, CREATION_DATE, MODIFICATION_DATE) VALUES ('NEWS_TITLE_7', ' News 7 short text.  News 7 short text.  News 7 short text.  News 7 short text. ', ' News 7 full text.  News 7 full text.  News 7 full text.  News 7 full text.  News 7 full text.  News 7 full text.  News 7 full text.  News 7 full text.  News 7 full text.  News 7 full text.  News 7 full text.  News 7 full text.  News 7 full text.  News 7 full text.  News 7 full text.  News 7 full text.  News 7 full text.  News 7 full text.  News 7 full text.  News 7 full text.  News 7 full text.  News 7 full text.  News 7 full text.  News 7 full text.  News 7 full text.  News 7 full text.  News 7 full text.  News 7 full text.  News 7 full text.  News 7 full text.  News 7 full text.  News 7 full text.  News 7 full text.  News 7 full text.  News 7 full text.  News 7 full text.  News 7 full text.  News 7 full text.  News 7 full text.  News 7 full text.  News 7 full text.  News 7 full text.  News 7 full text.  News 7 full text.  News 7 full text.  News 7 full text.  News 7 full text.  News 7 full text.  News 7 full text.  News 7 full text. ', '2016-08-31 15:56:47', '2016-08-31' );
INSERT INTO NEWS (TITLE, SHORT_TEXT, FULL_TEXT, CREATION_DATE, MODIFICATION_DATE) VALUES ('NEWS_TITLE_8', ' News 8 short text.  News 8 short text.  News 8 short text.  News 8 short text. ', ' News 8 full text.  News 8 full text.  News 8 full text.  News 8 full text.  News 8 full text.  News 8 full text.  News 8 full text.  News 8 full text.  News 8 full text.  News 8 full text.  News 8 full text.  News 8 full text.  News 8 full text.  News 8 full text.  News 8 full text.  News 8 full text.  News 8 full text.  News 8 full text.  News 8 full text.  News 8 full text.  News 8 full text.  News 8 full text.  News 8 full text.  News 8 full text.  News 8 full text.  News 8 full text.  News 8 full text.  News 8 full text.  News 8 full text.  News 8 full text.  News 8 full text.  News 8 full text.  News 8 full text.  News 8 full text.  News 8 full text.  News 8 full text.  News 8 full text.  News 8 full text.  News 8 full text.  News 8 full text.  News 8 full text.  News 8 full text.  News 8 full text.  News 8 full text.  News 8 full text.  News 8 full text.  News 8 full text.  News 8 full text.  News 8 full text.  News 8 full text. ', '2016-08-31 15:56:47', '2016-08-31' );
INSERT INTO NEWS (TITLE, SHORT_TEXT, FULL_TEXT, CREATION_DATE, MODIFICATION_DATE) VALUES ('NEWS_TITLE_9', ' News 9 short text.  News 9 short text.  News 9 short text.  News 9 short text. ', ' News 9 full text.  News 9 full text.  News 9 full text.  News 9 full text.  News 9 full text.  News 9 full text.  News 9 full text.  News 9 full text.  News 9 full text.  News 9 full text.  News 9 full text.  News 9 full text.  News 9 full text.  News 9 full text.  News 9 full text.  News 9 full text.  News 9 full text.  News 9 full text.  News 9 full text.  News 9 full text.  News 9 full text.  News 9 full text.  News 9 full text.  News 9 full text.  News 9 full text.  News 9 full text.  News 9 full text.  News 9 full text.  News 9 full text.  News 9 full text.  News 9 full text.  News 9 full text.  News 9 full text.  News 9 full text.  News 9 full text.  News 9 full text.  News 9 full text.  News 9 full text.  News 9 full text.  News 9 full text.  News 9 full text.  News 9 full text.  News 9 full text.  News 9 full text.  News 9 full text.  News 9 full text.  News 9 full text.  News 9 full text.  News 9 full text.  News 9 full text. ', '2016-08-31 15:56:47', '2016-08-31' );
INSERT INTO NEWS (TITLE, SHORT_TEXT, FULL_TEXT, CREATION_DATE, MODIFICATION_DATE) VALUES ('NEWS_TITLE_10', ' News 10 short text.  News 10 short text.  News 10 short text.  News 10 short text. ', ' News 10 full text.  News 10 full text.  News 10 full text.  News 10 full text.  News 10 full text.  News 10 full text.  News 10 full text.  News 10 full text.  News 10 full text.  News 10 full text.  News 10 full text.  News 10 full text.  News 10 full text.  News 10 full text.  News 10 full text.  News 10 full text.  News 10 full text.  News 10 full text.  News 10 full text.  News 10 full text.  News 10 full text.  News 10 full text.  News 10 full text.  News 10 full text.  News 10 full text.  News 10 full text.  News 10 full text.  News 10 full text.  News 10 full text.  News 10 full text.  News 10 full text.  News 10 full text.  News 10 full text.  News 10 full text.  News 10 full text.  News 10 full text.  News 10 full text.  News 10 full text.  News 10 full text.  News 10 full text.  News 10 full text.  News 10 full text.  News 10 full text.  News 10 full text.  News 10 full text.  News 10 full text.  News 10 full text.  News 10 full text.  News 10 full text.  News 10 full text. ', '2016-08-31 15:56:47', '2016-08-31' );
INSERT INTO NEWS (TITLE, SHORT_TEXT, FULL_TEXT, CREATION_DATE, MODIFICATION_DATE) VALUES ('NEWS_TITLE_11', ' News 11 short text.  News 11 short text.  News 11 short text.  News 11 short text. ', ' News 11 full text.  News 11 full text.  News 11 full text.  News 11 full text.  News 11 full text.  News 11 full text.  News 11 full text.  News 11 full text.  News 11 full text.  News 11 full text.  News 11 full text.  News 11 full text.  News 11 full text.  News 11 full text.  News 11 full text.  News 11 full text.  News 11 full text.  News 11 full text.  News 11 full text.  News 11 full text.  News 11 full text.  News 11 full text.  News 11 full text.  News 11 full text.  News 11 full text.  News 11 full text.  News 11 full text.  News 11 full text.  News 11 full text.  News 11 full text.  News 11 full text.  News 11 full text.  News 11 full text.  News 11 full text.  News 11 full text.  News 11 full text.  News 11 full text.  News 11 full text.  News 11 full text.  News 11 full text.  News 11 full text.  News 11 full text.  News 11 full text.  News 11 full text.  News 11 full text.  News 11 full text.  News 11 full text.  News 11 full text.  News 11 full text.  News 11 full text. ', '2016-08-31 15:56:47', '2016-08-31' );
INSERT INTO NEWS (TITLE, SHORT_TEXT, FULL_TEXT, CREATION_DATE, MODIFICATION_DATE) VALUES ('NEWS_TITLE_12', ' News 12 short text.  News 12 short text.  News 12 short text.  News 12 short text. ', ' News 12 full text.  News 12 full text.  News 12 full text.  News 12 full text.  News 12 full text.  News 12 full text.  News 12 full text.  News 12 full text.  News 12 full text.  News 12 full text.  News 12 full text.  News 12 full text.  News 12 full text.  News 12 full text.  News 12 full text.  News 12 full text.  News 12 full text.  News 12 full text.  News 12 full text.  News 12 full text.  News 12 full text.  News 12 full text.  News 12 full text.  News 12 full text.  News 12 full text.  News 12 full text.  News 12 full text.  News 12 full text.  News 12 full text.  News 12 full text.  News 12 full text.  News 12 full text.  News 12 full text.  News 12 full text.  News 12 full text.  News 12 full text.  News 12 full text.  News 12 full text.  News 12 full text.  News 12 full text.  News 12 full text.  News 12 full text.  News 12 full text.  News 12 full text.  News 12 full text.  News 12 full text.  News 12 full text.  News 12 full text.  News 12 full text.  News 12 full text. ', '2016-08-31 15:56:47', '2016-08-31' );
INSERT INTO NEWS (TITLE, SHORT_TEXT, FULL_TEXT, CREATION_DATE, MODIFICATION_DATE) VALUES ('NEWS_TITLE_13', ' News 13 short text.  News 13 short text.  News 13 short text.  News 13 short text. ', ' News 13 full text.  News 13 full text.  News 13 full text.  News 13 full text.  News 13 full text.  News 13 full text.  News 13 full text.  News 13 full text.  News 13 full text.  News 13 full text.  News 13 full text.  News 13 full text.  News 13 full text.  News 13 full text.  News 13 full text.  News 13 full text.  News 13 full text.  News 13 full text.  News 13 full text.  News 13 full text.  News 13 full text.  News 13 full text.  News 13 full text.  News 13 full text.  News 13 full text.  News 13 full text.  News 13 full text.  News 13 full text.  News 13 full text.  News 13 full text.  News 13 full text.  News 13 full text.  News 13 full text.  News 13 full text.  News 13 full text.  News 13 full text.  News 13 full text.  News 13 full text.  News 13 full text.  News 13 full text.  News 13 full text.  News 13 full text.  News 13 full text.  News 13 full text.  News 13 full text.  News 13 full text.  News 13 full text.  News 13 full text.  News 13 full text.  News 13 full text. ', '2016-08-31 15:56:47', '2016-08-31' );
INSERT INTO NEWS (TITLE, SHORT_TEXT, FULL_TEXT, CREATION_DATE, MODIFICATION_DATE) VALUES ('NEWS_TITLE_14', ' News 14 short text.  News 14 short text.  News 14 short text.  News 14 short text. ', ' News 14 full text.  News 14 full text.  News 14 full text.  News 14 full text.  News 14 full text.  News 14 full text.  News 14 full text.  News 14 full text.  News 14 full text.  News 14 full text.  News 14 full text.  News 14 full text.  News 14 full text.  News 14 full text.  News 14 full text.  News 14 full text.  News 14 full text.  News 14 full text.  News 14 full text.  News 14 full text.  News 14 full text.  News 14 full text.  News 14 full text.  News 14 full text.  News 14 full text.  News 14 full text.  News 14 full text.  News 14 full text.  News 14 full text.  News 14 full text.  News 14 full text.  News 14 full text.  News 14 full text.  News 14 full text.  News 14 full text.  News 14 full text.  News 14 full text.  News 14 full text.  News 14 full text.  News 14 full text.  News 14 full text.  News 14 full text.  News 14 full text.  News 14 full text.  News 14 full text.  News 14 full text.  News 14 full text.  News 14 full text.  News 14 full text.  News 14 full text. ', '2016-08-31 15:56:47', '2016-08-31' );
INSERT INTO NEWS (TITLE, SHORT_TEXT, FULL_TEXT, CREATION_DATE, MODIFICATION_DATE) VALUES ('NEWS_TITLE_15', ' News 15 short text.  News 15 short text.  News 15 short text.  News 15 short text. ', ' News 15 full text.  News 15 full text.  News 15 full text.  News 15 full text.  News 15 full text.  News 15 full text.  News 15 full text.  News 15 full text.  News 15 full text.  News 15 full text.  News 15 full text.  News 15 full text.  News 15 full text.  News 15 full text.  News 15 full text.  News 15 full text.  News 15 full text.  News 15 full text.  News 15 full text.  News 15 full text.  News 15 full text.  News 15 full text.  News 15 full text.  News 15 full text.  News 15 full text.  News 15 full text.  News 15 full text.  News 15 full text.  News 15 full text.  News 15 full text.  News 15 full text.  News 15 full text.  News 15 full text.  News 15 full text.  News 15 full text.  News 15 full text.  News 15 full text.  News 15 full text.  News 15 full text.  News 15 full text.  News 15 full text.  News 15 full text.  News 15 full text.  News 15 full text.  News 15 full text.  News 15 full text.  News 15 full text.  News 15 full text.  News 15 full text.  News 15 full text. ', '2016-08-31 15:56:47', '2016-08-31' );
INSERT INTO NEWS (TITLE, SHORT_TEXT, FULL_TEXT, CREATION_DATE, MODIFICATION_DATE) VALUES ('NEWS_TITLE_16', ' News 16 short text.  News 16 short text.  News 16 short text.  News 16 short text. ', ' News 16 full text.  News 16 full text.  News 16 full text.  News 16 full text.  News 16 full text.  News 16 full text.  News 16 full text.  News 16 full text.  News 16 full text.  News 16 full text.  News 16 full text.  News 16 full text.  News 16 full text.  News 16 full text.  News 16 full text.  News 16 full text.  News 16 full text.  News 16 full text.  News 16 full text.  News 16 full text.  News 16 full text.  News 16 full text.  News 16 full text.  News 16 full text.  News 16 full text.  News 16 full text.  News 16 full text.  News 16 full text.  News 16 full text.  News 16 full text.  News 16 full text.  News 16 full text.  News 16 full text.  News 16 full text.  News 16 full text.  News 16 full text.  News 16 full text.  News 16 full text.  News 16 full text.  News 16 full text.  News 16 full text.  News 16 full text.  News 16 full text.  News 16 full text.  News 16 full text.  News 16 full text.  News 16 full text.  News 16 full text.  News 16 full text.  News 16 full text. ', '2016-08-31 15:56:47', '2016-08-31' );
INSERT INTO NEWS (TITLE, SHORT_TEXT, FULL_TEXT, CREATION_DATE, MODIFICATION_DATE) VALUES ('NEWS_TITLE_17', ' News 17 short text.  News 17 short text.  News 17 short text.  News 17 short text. ', ' News 17 full text.  News 17 full text.  News 17 full text.  News 17 full text.  News 17 full text.  News 17 full text.  News 17 full text.  News 17 full text.  News 17 full text.  News 17 full text.  News 17 full text.  News 17 full text.  News 17 full text.  News 17 full text.  News 17 full text.  News 17 full text.  News 17 full text.  News 17 full text.  News 17 full text.  News 17 full text.  News 17 full text.  News 17 full text.  News 17 full text.  News 17 full text.  News 17 full text.  News 17 full text.  News 17 full text.  News 17 full text.  News 17 full text.  News 17 full text.  News 17 full text.  News 17 full text.  News 17 full text.  News 17 full text.  News 17 full text.  News 17 full text.  News 17 full text.  News 17 full text.  News 17 full text.  News 17 full text.  News 17 full text.  News 17 full text.  News 17 full text.  News 17 full text.  News 17 full text.  News 17 full text.  News 17 full text.  News 17 full text.  News 17 full text.  News 17 full text. ', '2016-08-31 15:56:47', '2016-08-31' );
INSERT INTO NEWS (TITLE, SHORT_TEXT, FULL_TEXT, CREATION_DATE, MODIFICATION_DATE) VALUES ('NEWS_TITLE_18', ' News 18 short text.  News 18 short text.  News 18 short text.  News 18 short text. ', ' News 18 full text.  News 18 full text.  News 18 full text.  News 18 full text.  News 18 full text.  News 18 full text.  News 18 full text.  News 18 full text.  News 18 full text.  News 18 full text.  News 18 full text.  News 18 full text.  News 18 full text.  News 18 full text.  News 18 full text.  News 18 full text.  News 18 full text.  News 18 full text.  News 18 full text.  News 18 full text.  News 18 full text.  News 18 full text.  News 18 full text.  News 18 full text.  News 18 full text.  News 18 full text.  News 18 full text.  News 18 full text.  News 18 full text.  News 18 full text.  News 18 full text.  News 18 full text.  News 18 full text.  News 18 full text.  News 18 full text.  News 18 full text.  News 18 full text.  News 18 full text.  News 18 full text.  News 18 full text.  News 18 full text.  News 18 full text.  News 18 full text.  News 18 full text.  News 18 full text.  News 18 full text.  News 18 full text.  News 18 full text.  News 18 full text.  News 18 full text. ', '2016-08-31 15:56:47', '2016-08-31' );
INSERT INTO NEWS (TITLE, SHORT_TEXT, FULL_TEXT, CREATION_DATE, MODIFICATION_DATE) VALUES ('NEWS_TITLE_19', ' News 19 short text.  News 19 short text.  News 19 short text.  News 19 short text. ', ' News 19 full text.  News 19 full text.  News 19 full text.  News 19 full text.  News 19 full text.  News 19 full text.  News 19 full text.  News 19 full text.  News 19 full text.  News 19 full text.  News 19 full text.  News 19 full text.  News 19 full text.  News 19 full text.  News 19 full text.  News 19 full text.  News 19 full text.  News 19 full text.  News 19 full text.  News 19 full text.  News 19 full text.  News 19 full text.  News 19 full text.  News 19 full text.  News 19 full text.  News 19 full text.  News 19 full text.  News 19 full text.  News 19 full text.  News 19 full text.  News 19 full text.  News 19 full text.  News 19 full text.  News 19 full text.  News 19 full text.  News 19 full text.  News 19 full text.  News 19 full text.  News 19 full text.  News 19 full text.  News 19 full text.  News 19 full text.  News 19 full text.  News 19 full text.  News 19 full text.  News 19 full text.  News 19 full text.  News 19 full text.  News 19 full text.  News 19 full text. ', '2016-08-31 15:56:47', '2016-08-31' );
INSERT INTO NEWS (TITLE, SHORT_TEXT, FULL_TEXT, CREATION_DATE, MODIFICATION_DATE) VALUES ('NEWS_TITLE_20', ' News 20 short text.  News 20 short text.  News 20 short text.  News 20 short text. ', ' News 20 full text.  News 20 full text.  News 20 full text.  News 20 full text.  News 20 full text.  News 20 full text.  News 20 full text.  News 20 full text.  News 20 full text.  News 20 full text.  News 20 full text.  News 20 full text.  News 20 full text.  News 20 full text.  News 20 full text.  News 20 full text.  News 20 full text.  News 20 full text.  News 20 full text.  News 20 full text.  News 20 full text.  News 20 full text.  News 20 full text.  News 20 full text.  News 20 full text.  News 20 full text.  News 20 full text.  News 20 full text.  News 20 full text.  News 20 full text.  News 20 full text.  News 20 full text.  News 20 full text.  News 20 full text.  News 20 full text.  News 20 full text.  News 20 full text.  News 20 full text.  News 20 full text.  News 20 full text.  News 20 full text.  News 20 full text.  News 20 full text.  News 20 full text.  News 20 full text.  News 20 full text.  News 20 full text.  News 20 full text.  News 20 full text.  News 20 full text. ', '2016-08-31 15:56:47', '2016-08-31' );

INSERT INTO COMMENTS (COMMENT_TEXT, CREATION_DATE, NEWS_NEWS_ID) VALUES (' Comment 1 text.  Comment 1 text.  Comment 1 text.  Comment 1 text. ', '2016-08-31 15:56:47', 0);
INSERT INTO COMMENTS (COMMENT_TEXT, CREATION_DATE, NEWS_NEWS_ID) VALUES (' Comment 2 text.  Comment 2 text.  Comment 2 text.  Comment 2 text. ', '2016-08-31 15:56:47', 1);
INSERT INTO COMMENTS (COMMENT_TEXT, CREATION_DATE, NEWS_NEWS_ID) VALUES (' Comment 3 text.  Comment 3 text.  Comment 3 text.  Comment 3 text. ', '2016-08-31 15:56:47', 2);
INSERT INTO COMMENTS (COMMENT_TEXT, CREATION_DATE, NEWS_NEWS_ID) VALUES (' Comment 4 text.  Comment 4 text.  Comment 4 text.  Comment 4 text. ', '2016-08-31 15:56:47', 2);
INSERT INTO COMMENTS (COMMENT_TEXT, CREATION_DATE, NEWS_NEWS_ID) VALUES (' Comment 5 text.  Comment 5 text.  Comment 5 text.  Comment 5 text. ', '2016-08-31 15:56:47', 2);
INSERT INTO COMMENTS (COMMENT_TEXT, CREATION_DATE, NEWS_NEWS_ID) VALUES (' Comment 6 text.  Comment 6 text.  Comment 6 text.  Comment 6 text. ', '2016-08-31 15:56:47', 3);
INSERT INTO COMMENTS (COMMENT_TEXT, CREATION_DATE, NEWS_NEWS_ID) VALUES (' Comment 7 text.  Comment 7 text.  Comment 7 text.  Comment 7 text. ', '2016-08-31 15:56:47', 4);
INSERT INTO COMMENTS (COMMENT_TEXT, CREATION_DATE, NEWS_NEWS_ID) VALUES (' Comment 8 text.  Comment 8 text.  Comment 8 text.  Comment 8 text. ', '2016-08-31 15:56:47', 7);
INSERT INTO COMMENTS (COMMENT_TEXT, CREATION_DATE, NEWS_NEWS_ID) VALUES (' Comment 9 text.  Comment 9 text.  Comment 9 text.  Comment 9 text. ', '2016-08-31 15:56:47', 5);
INSERT INTO COMMENTS (COMMENT_TEXT, CREATION_DATE, NEWS_NEWS_ID) VALUES (' Comment 10 text.  Comment 10 text.  Comment 10 text.  Comment 10 text. ', '2016-08-31 15:56:47', 11);
INSERT INTO COMMENTS (COMMENT_TEXT, CREATION_DATE, NEWS_NEWS_ID) VALUES (' Comment 11 text.  Comment 11 text.  Comment 11 text.  Comment 11 text. ', '2016-08-31 15:56:47', 14);
INSERT INTO COMMENTS (COMMENT_TEXT, CREATION_DATE, NEWS_NEWS_ID) VALUES (' Comment 12 text.  Comment 12 text.  Comment 12 text.  Comment 12 text. ', '2016-08-31 15:56:47', 14);
INSERT INTO COMMENTS (COMMENT_TEXT, CREATION_DATE, NEWS_NEWS_ID) VALUES (' Comment 13 text.  Comment 13 text.  Comment 13 text.  Comment 13 text. ', '2016-08-31 15:56:47', 14);
INSERT INTO COMMENTS (COMMENT_TEXT, CREATION_DATE, NEWS_NEWS_ID) VALUES (' Comment 14 text.  Comment 14 text.  Comment 14 text.  Comment 14 text. ', '2016-08-31 15:56:47', 14);
INSERT INTO COMMENTS (COMMENT_TEXT, CREATION_DATE, NEWS_NEWS_ID) VALUES (' Comment 15 text.  Comment 15 text.  Comment 15 text.  Comment 15 text. ', '2016-08-31 15:56:47', 6);
INSERT INTO COMMENTS (COMMENT_TEXT, CREATION_DATE, NEWS_NEWS_ID) VALUES (' Comment 16 text.  Comment 16 text.  Comment 16 text.  Comment 16 text. ', '2016-08-31 15:56:47', 1);
INSERT INTO COMMENTS (COMMENT_TEXT, CREATION_DATE, NEWS_NEWS_ID) VALUES (' Comment 17 text.  Comment 17 text.  Comment 17 text.  Comment 17 text. ', '2016-08-31 15:56:47', 18);
INSERT INTO COMMENTS (COMMENT_TEXT, CREATION_DATE, NEWS_NEWS_ID) VALUES (' Comment 18 text.  Comment 18 text.  Comment 18 text.  Comment 18 text. ', '2016-08-31 15:56:47', 19);
INSERT INTO COMMENTS (COMMENT_TEXT, CREATION_DATE, NEWS_NEWS_ID) VALUES (' Comment 19 text.  Comment 19 text.  Comment 19 text.  Comment 19 text. ', '2016-08-31 15:56:47', 19);
INSERT INTO COMMENTS (COMMENT_TEXT, CREATION_DATE, NEWS_NEWS_ID) VALUES (' Comment 20 text.  Comment 20 text.  Comment 20 text.  Comment 20 text. ', '2016-08-31 15:56:47', 0);


INSERT INTO NEWS_AUTHOR (NEWS_NEWS_ID, AUTHORS_AUTHOR_ID) VALUES (0, 0);
INSERT INTO NEWS_AUTHOR (NEWS_NEWS_ID, AUTHORS_AUTHOR_ID) VALUES (1, 0);
INSERT INTO NEWS_AUTHOR (NEWS_NEWS_ID, AUTHORS_AUTHOR_ID) VALUES (1, 1);
INSERT INTO NEWS_AUTHOR (NEWS_NEWS_ID, AUTHORS_AUTHOR_ID) VALUES (1, 2);
INSERT INTO NEWS_AUTHOR (NEWS_NEWS_ID, AUTHORS_AUTHOR_ID) VALUES (2, 1);
INSERT INTO NEWS_AUTHOR (NEWS_NEWS_ID, AUTHORS_AUTHOR_ID) VALUES (3, 3);
INSERT INTO NEWS_AUTHOR (NEWS_NEWS_ID, AUTHORS_AUTHOR_ID) VALUES (4, 0);
INSERT INTO NEWS_AUTHOR (NEWS_NEWS_ID, AUTHORS_AUTHOR_ID) VALUES (4, 3);
INSERT INTO NEWS_AUTHOR (NEWS_NEWS_ID, AUTHORS_AUTHOR_ID) VALUES (5, 5);
INSERT INTO NEWS_AUTHOR (NEWS_NEWS_ID, AUTHORS_AUTHOR_ID) VALUES (6, 4);
INSERT INTO NEWS_AUTHOR (NEWS_NEWS_ID, AUTHORS_AUTHOR_ID) VALUES (6, 6);
INSERT INTO NEWS_AUTHOR (NEWS_NEWS_ID, AUTHORS_AUTHOR_ID) VALUES (6, 7);
INSERT INTO NEWS_AUTHOR (NEWS_NEWS_ID, AUTHORS_AUTHOR_ID) VALUES (6, 8);
INSERT INTO NEWS_AUTHOR (NEWS_NEWS_ID, AUTHORS_AUTHOR_ID) VALUES (7, 1);
INSERT INTO NEWS_AUTHOR (NEWS_NEWS_ID, AUTHORS_AUTHOR_ID) VALUES (8, 1);
INSERT INTO NEWS_AUTHOR (NEWS_NEWS_ID, AUTHORS_AUTHOR_ID) VALUES (9, 14);
INSERT INTO NEWS_AUTHOR (NEWS_NEWS_ID, AUTHORS_AUTHOR_ID) VALUES (10, 15);
INSERT INTO NEWS_AUTHOR (NEWS_NEWS_ID, AUTHORS_AUTHOR_ID) VALUES (10, 16);
INSERT INTO NEWS_AUTHOR (NEWS_NEWS_ID, AUTHORS_AUTHOR_ID) VALUES (11, 15);
INSERT INTO NEWS_AUTHOR (NEWS_NEWS_ID, AUTHORS_AUTHOR_ID) VALUES (12, 16);
INSERT INTO NEWS_AUTHOR (NEWS_NEWS_ID, AUTHORS_AUTHOR_ID) VALUES (12, 10);
INSERT INTO NEWS_AUTHOR (NEWS_NEWS_ID, AUTHORS_AUTHOR_ID) VALUES (13, 18);
INSERT INTO NEWS_AUTHOR (NEWS_NEWS_ID, AUTHORS_AUTHOR_ID) VALUES (13, 0);
INSERT INTO NEWS_AUTHOR (NEWS_NEWS_ID, AUTHORS_AUTHOR_ID) VALUES (14, 1);
INSERT INTO NEWS_AUTHOR (NEWS_NEWS_ID, AUTHORS_AUTHOR_ID) VALUES (14, 2);
INSERT INTO NEWS_AUTHOR (NEWS_NEWS_ID, AUTHORS_AUTHOR_ID) VALUES (15, 3);
INSERT INTO NEWS_AUTHOR (NEWS_NEWS_ID, AUTHORS_AUTHOR_ID) VALUES (16, 4);
INSERT INTO NEWS_AUTHOR (NEWS_NEWS_ID, AUTHORS_AUTHOR_ID) VALUES (17, 5);
INSERT INTO NEWS_AUTHOR (NEWS_NEWS_ID, AUTHORS_AUTHOR_ID) VALUES (18, 6);
INSERT INTO NEWS_AUTHOR (NEWS_NEWS_ID, AUTHORS_AUTHOR_ID) VALUES (19, 7);

INSERT INTO NEWS_TAG (NEWS_NEWS_ID, TAGS_TAG_ID) VALUES (0, 0);
INSERT INTO NEWS_TAG (NEWS_NEWS_ID, TAGS_TAG_ID) VALUES (1, 0);
INSERT INTO NEWS_TAG (NEWS_NEWS_ID, TAGS_TAG_ID) VALUES (1, 1);
INSERT INTO NEWS_TAG (NEWS_NEWS_ID, TAGS_TAG_ID) VALUES (1, 2);
INSERT INTO NEWS_TAG (NEWS_NEWS_ID, TAGS_TAG_ID) VALUES (2, 1);
INSERT INTO NEWS_TAG (NEWS_NEWS_ID, TAGS_TAG_ID) VALUES (3, 3);
INSERT INTO NEWS_TAG (NEWS_NEWS_ID, TAGS_TAG_ID) VALUES (4, 0);
INSERT INTO NEWS_TAG (NEWS_NEWS_ID, TAGS_TAG_ID) VALUES (4, 3);
INSERT INTO NEWS_TAG (NEWS_NEWS_ID, TAGS_TAG_ID) VALUES (5, 5);
INSERT INTO NEWS_TAG (NEWS_NEWS_ID, TAGS_TAG_ID) VALUES (6, 4);
INSERT INTO NEWS_TAG (NEWS_NEWS_ID, TAGS_TAG_ID) VALUES (6, 6);
INSERT INTO NEWS_TAG (NEWS_NEWS_ID, TAGS_TAG_ID) VALUES (6, 7);
INSERT INTO NEWS_TAG (NEWS_NEWS_ID, TAGS_TAG_ID) VALUES (6, 8);
INSERT INTO NEWS_TAG (NEWS_NEWS_ID, TAGS_TAG_ID) VALUES (7, 1);
INSERT INTO NEWS_TAG (NEWS_NEWS_ID, TAGS_TAG_ID) VALUES (8, 1);
INSERT INTO NEWS_TAG (NEWS_NEWS_ID, TAGS_TAG_ID) VALUES (9, 14);
INSERT INTO NEWS_TAG (NEWS_NEWS_ID, TAGS_TAG_ID) VALUES (10, 15);
INSERT INTO NEWS_TAG (NEWS_NEWS_ID, TAGS_TAG_ID) VALUES (10, 16);
INSERT INTO NEWS_TAG (NEWS_NEWS_ID, TAGS_TAG_ID) VALUES (11, 15);
INSERT INTO NEWS_TAG (NEWS_NEWS_ID, TAGS_TAG_ID) VALUES (12, 16);
INSERT INTO NEWS_TAG (NEWS_NEWS_ID, TAGS_TAG_ID) VALUES (12, 10);
INSERT INTO NEWS_TAG (NEWS_NEWS_ID, TAGS_TAG_ID) VALUES (13, 18);
INSERT INTO NEWS_TAG (NEWS_NEWS_ID, TAGS_TAG_ID) VALUES (13, 0);
INSERT INTO NEWS_TAG (NEWS_NEWS_ID, TAGS_TAG_ID) VALUES (14, 1);
INSERT INTO NEWS_TAG (NEWS_NEWS_ID, TAGS_TAG_ID) VALUES (14, 2);
INSERT INTO NEWS_TAG (NEWS_NEWS_ID, TAGS_TAG_ID) VALUES (15, 3);
INSERT INTO NEWS_TAG (NEWS_NEWS_ID, TAGS_TAG_ID) VALUES (16, 4);
INSERT INTO NEWS_TAG (NEWS_NEWS_ID, TAGS_TAG_ID) VALUES (17, 5);
INSERT INTO NEWS_TAG (NEWS_NEWS_ID, TAGS_TAG_ID) VALUES (18, 6);
INSERT INTO NEWS_TAG (NEWS_NEWS_ID, TAGS_TAG_ID) VALUES (19, 7);
